"Indikator dan target kinerja Perangkat Daerah Kabupaten/Kota yang mengacu pada sasaran RKPD:  1. Indeks Kematangan Organisasi  2. Persentase Perencanaan Kebutuhan yang sesuai dengan Formasi  3. Persentase Pengembangan Karir ASN sesuai dengan Kompetensinya 4. Persentase ASN yang Ditingkatkan Kompetensinya  5. Persentase Pegawai dengan SKP Bernilai Baik  6. Persentase ASN yang Mendapatkan Pengembangan Kompetensi Teknis  7. Persentase Realisasi Pendidikan dan Pelatihan yang Dilaksanakan Kode Rekening ","","","","Formulir E.81 Evaluasi Terhadap Hasil Renja Perangkat Daerah Lingkup Kota Cirebon
Renja Perangkat Daerah Badan Kepegawaian Dan Pengembangan Sumber Daya Manusia Kota Cirebon
Periode Pelaksanaan: 2026 ","Urusan/Bidang Urusan Pemerintahan Daerah dan Program/Kegiatan/ Sub Kegiatan ","Indikator Kinerja Program (Outcome)/Kegiatan (Output)/Sub Kegiatan (Output) ","Satuan Indikator Kinerja ","Target RENSTRA pada Tahun 2029 (Akhir Periode RENSTRA) K","Rp","Realisasi Capaian Kinerja RENSTRA s.d. RENJA  Tahun Lalu (n-2) 
Tahun 2025 K"," Rp ","Target Kinerja dan Anggaran RENJA Tahun Berjalan (n-1) yang Dievaluasi 
Tahun 2026 K","Rp","Realisasi Kinerja pada Triwulan  I K","Rp","II K","Rp","III K","Rp","IV K","Rp","Realisasi Capaian Kinerja dan Anggaran RENJA yang Dievaluasi Tahun 2026 K","Rp","Tingkat Capaian Kinerja dan Realisasi Anggaran RENJA Tahun 2026
(%) K","Rp","Realisasi Kinerja dan Anggaran RENSTRA s.d. Tahun 2026 K","Rp","Tingkat Capaian Kinerja dan Realisasi Anggaran RENSTRA s.d. Tahun 2026 K","Rp","Unit Kerja Penanggung Jawab ","Evidence ","Evidence ","","","","","","","","","","","","","","","","","","","",""
"1","","","","","2","3","","4","","5","","6","","7","","8","","9","","10","","","","","","","","","","15","Triwulan I","Triwulan II","","","","","","","","","","","","","","","","","","","",""
"5","","","","","Urusan  Penunjang","","","","","","","","","","","","","","","","","","","","","","","","","","","","","","","","","","","","","","","","","","","","","","",""
"5","03","","","","Bidang Kepegawaian ","","","","","","","","","","","","","","","","","","","","","","","","","","","","","","","","","","","","","","","","","","","","","","",""
"5","03","01","","","PROGRAM PENUNJANG URUSAN PEMERINTAHAN DAERAH KABUPATEN/KOTA","Indeks Kematangan Organisasi (Indeks)","POIN ","  48,00 ","  13.328.425.500 ","  47,00 ","  8.599.560.827 ","47,25","  7.263.549.243 ","0,00","  1.849.143.365 ","0,00","  1.637.735.845 ","","","","","0,00","  3.486.879.210 ","0%","48%","47,00","  12.086.440.037 ","98%","91%","","","","","","","","","","","","","","","","","","","","","","",""
"5","03","01","2.01","","Kegiatan Perencanaan, Penganggaran, dan Evaluasi Kinerja Perangkat Daerah","Terpenuhinya informasi perencanaan sebagai bahan dan acuan pelaksanaan kegiatan Perangkat Daerah","persen","  100,00 ","  124.100.000 ","  -   ","  52.687.745 ","100,00","  12.173.780 ","  19,05 ","  3.098.790 ","  19,05 ","  1.931.590 ","  -   ","  - ","  -   ","  - ","38,10","  5.030.380 ","38%","41%","38,10","  57.718.125 ","38%","47%","","Proker, Monev (1), capaian triwulan (1), LKIP (sebanyak 4 Dokumen terealisasi dari total 21 dokumen perencanaan)","Monev (1), capaian triwulan (1), FPD, Register Resiko (sebanyak 4 Dokumen terealisasi dari total 21 dokumen perencanaan)","","","","","","","","","","","","","","","","","","","",""
"5","03","01","2.01","01","Sub Kegiatan Penyusunan  Dokumen  Perencanaan  Perangkat Daerah","Jumlah Dokumen Perencanaan Perangkat Daerah ","dokumen","4","  23.000.000 ","7","13.413.285","5","3.123.225","  1 ","  978.645 ","  2 ","  536.145 ","","","","","  3 ","  1.514.790 ","60%","49%","10,00","  14.928.075 ","250%","65%","Sekretariat","Proker","FPD, Register Resiko","","","","","","","","","","","","","","","","","","","",""
"5","03","01","2.01","02","Sub Kegiatan Koordinasi dan Penyusunan Dokumen RKA-SKPD","Jumlah Dokumen RKA-SKPD dan Laporan Hasil Koordinasi Penyusunan Dokumen RKA-SKPD ","dokumen","1","  3.400.000 ","1","  1.338.485 ","1","  543.800 ","","","","","","","","","  - ","  - ","0%","0%","1,00","  1.338.485 ","100%","39%","Sekretariat","","","","","","","","","","","","","","","","","","","","","",""
"5","03","01","2.01","03","Sub Kegiatan Koordinasi dan Penyusunan Dokumen Perubahan RKA-SKPD","Jumlah Dokumen Perubahan RKA-SKPD dan Laporan Hasil Koordinasi Penyusunan Dokumen Perubahan RKA-SKPD","dokumen","1","  3.400.000 ","1","  1.228.485 ","1","  543.800 ","","","","","","","","","  - ","  - ","0%","0%","1,00","  1.228.485 ","100%","36%","Sekretariat","","","","","","","","","","","","","","","","","","","","","",""
"5","03","01","2.01","04","Sub Kegiatan Koordinasi dan Penyusunan DPA-SKPD","Jumlah Dokumen DPA-SKPD dan Laporan Hasil Koordinasi Penyusunan Dokumen DPA-SKPD ","dokumen","1","  3.400.000 ","1","  1.338.485 ","1","  543.800 ","","","","","","","","","  - ","  - ","0%","0%","1,00","  1.338.485 ","100%","39%","Sekretariat","","","","","","","","","","","","","","","","","","","","","",""
"5","03","01","2.01","05","Sub Kegiatan Koordinasi   dan   Penyusunan   Perubahan DPA- SKPD","Jumlah Dokumen Perubahan DPA-SKPD dan Laporan Hasil Koordinasi Penyusunan Dokumen Perubahan DPA SKPD","dokumen","1","  3.400.000 ","1","  1.228.485 ","1","  543.800 ","","","","","","","","","  - ","  - ","0%","0%","1,00","  1.228.485 ","100%","36%","Sekretariat","","","","","","","","","","","","","","","","","","","","","",""
"5","03","01","2.01","06","Sub Kegiatan Koordinasi  dan  Penyusunan  Laporan  Capaian Kinerja dan Ikhtisar Realisasi Kinerja SKPD","Jumlah Laporan Capaian Kinerja dan Ikhtisar Realisasi Kinerja SKPD dan Laporan Hasil Koordinasi Penyusunan Laporan Capaian Kinerja
dan Ikhtisar Realisasi Kinerja SKPD","Laporan","8","  18.500.000 ","8","  11.160.520 ","8","  2.611.200 ","2","","  2 ","  652.800 ","","","","","  4 ","  652.800 ","50%","25%","12,00","  11.813.320 ","150%","64%","Sekretariat","Monev (1), capaian triwulan (1)","Monev (1), capaian triwulan (1)","","","","","","","","","","","","","","","","","","","",""
"5","03","01","2.01","07","Sub Kegiatan Evaluasi Kinerja Perangkat Daerah","Jumlah Laporan Evaluasi Kinerja Perangkat Daerah ","Laporan","4","  69.000.000 ","4","  22.980.000 ","4","  4.264.155 ","  1 ","  2.120.145 ","","  742.645 ","","","","","  1 ","  2.862.790 ","25%","67%","5,00","  25.842.790 ","125%","37%","Sekretariat","LKIP","","","","","","","","","","","","","","","","","","","","",""
"5","03","01","2.02","","Kegiatan Administrasi Keuangan Perangkat Daerah","Terpenuhinya informasi administasi keuangan sebagai bahan audit keuangan Perangkat Daerah","persen","100,00","  9.523.000.000 ","100,00","  6.731.992.636 ","100,00","  6.325.454.878 ","25,00","  1.768.970.997 ","25,00","  1.381.961.341 ","","","","  - ","50,00","  3.150.932.338 ","50%","50%","150,00","  9.882.924.974 ","150%","104%","Sekretariat","","","","","","","","","","","","","","","","","","","","","",""
"5","03","01","2.02","01","Sub Kegiatan Penyediaan Gaji dan Tunjangan ASN","Jumlah Orang yang Menerima Gaji dan Tunjangan ASN ","orang","  58 ","  9.500.000.000 ","  58 ","  6.724.089.558 ","  50 ","  6.323.717.358 ","50","  1.767.989.737 ","  50 ","  1.381.961.341 ","","","","","  50 ","  3.149.951.078 ","100%","50%","108","  9.874.040.636 ","186%","104%","Sekretariat","Dokumen Gaji","Dokumen Gaji","","","","","","","","","","","","","","","","","","","",""
"5","03","01","2.02","05","Sub Kegiatan Koordinasi  dan  Penyusunan  Laporan  Keuangan Akhir Tahun SKPD","Jumlah Laporan Keuangan Akhir Tahun SKPD dan Laporan Hasil Koordinasi Penyusunan Laporan Keuangan Akhir Tahun SKPD","dokumen","  2 ","  23.000.000 ","  2 ","  7.903.078 ","  1 ","  1.737.520 ","","  981.260 ","1","  - ","","","","","  1 ","  981.260 ","100%","56%","3,00","  8.884.338 ","150%","39%","Sekretariat","Laporan Anaudited ","Laporan Audited ","","","","","","","","","","","","","","","","","","","",""
"5","03","01","2.03","","Kegiatan Administrasi Barang Milik Daerah pada Perangkat Daerah","Terpenuhinya administrasi barang milik daerah pada Perangkat Daerah","persen","100,00","  41.000.000 ","  100,00 ","  33.222.195 ","  -   ","  - ","  -   ","  - ","","","","","","  - ","  -   ","  - ","0%","0%","100,00","  33.222.195 ","100%","81%","Sekretariat","","","","","","","","","","","","","","","","","","","","","",""
"5","03","01","2.03","02","Sub Kegiatan Pengamanan Barang Milik Daerah SKPD","Jumlah Dokumen Pengamanan Barang Milik Daerah SKPD ","dokumen","  1 ","  41.000.000 ","1","  33.222.195 ","  -   ","  - ","","","","","","","","","  -   ","  - ","0%","0%","1,00","  33.222.195 ","100%","81%","Sekretariat","","","","","","","","","","","","","","","","","","","","","",""
"5","03","01","2.05","","Kegiatan Administrasi Kepegawaian Perangkat Daerah","Terwujudnya disiplin dan kapasitas aparatur Perangkat Daerah","persen","  100,00 ","  161.000.000 ","  100,00 ","  11.233.900 ","  -   ","","","  - ","","  - ","","  - ","","  - ","  -   ","","0%","0%","100,00","","100%","0%","Sekretariat","","","","","","","","","","","","","","","","","","","","","",""
"5","03","01","2.05","02","Sub Kegiatan Pengadaan Pakaian Dinas Beserta   Atribut Kelengkapannya","Jumlah Paket Pakaian Dinas
beserta Atribut
Kelengkapan","paket","  2 ","  57.000.000 ","","  - ","  -   ","  - ","  -   ","  -   ","  -   ","  - ","  -   ","  -   ","  -   ","  -   ","  -   ","  - ","0%","0%","0,00","  - ","0%","0%","Sekretariat","","","","","","","","","","","","","","","","","","","","","",""
"5","03","01","2.05","10","Sub Kegiatan Sosialisasi Peraturan Perundang-Undangan","Jumlah  Orang yang  Mengikuti Sosialisasi Peraturan Perundang

","laporan","  50 ","  104.000.000 ","  48 ","  11.233.900 ","  -   ","  - ","  -   ","  -   ","  -   ","  -   ","  -   ","  -   ","  -   ","  -   ","  - ","  - ","0%","0%","48,00","  11.233.900 ","96%","11%","Sekretariat","","","","","","","","","","","","","","","","","","","","","",""
"5","03","01","2.06","","Kegiatan Administrasi Umum Perangkat Daerah","Terpenuhinya sarana dan prasarana kantor Perangkat Daerah","persen","100,00","  1.171.500.000 ","100,00","  782.545.873 ","100,00","  219.506.910 ","25,00","  17.699.900 ","25,00","  62.424.713 ","","","","","50,00","  80.124.613 ","50%","37%","150,00","  862.670.486 ","150%","74%","Sekretariat","","","","","","","","","","","","","","","","","","","","","",""
"5","03","01","2.06","02","Sub Kegiatan Penyediaan Peralatan dan Perlengkapan Kantor","Jumlah Paket Peralatan dan Perlengkapan Kantor yang disediakan","paket","  1 ","  104.000.000 ","  1 ","  74.249.121 ","  1 ","  21.002.120 ","  -   ","  -   ","  -   ","  10.489.700 ","","","","","  - ","  10.489.700 ","0%","50%","1,00","  84.738.821 ","100%","81%","Sekretariat","","","","","","","","","","","","","","","","","","","","","",""
"5","03","01","2.06","04","Sub Kegiatan Penyediaan Bahan Logistik Kantor","Jumlah Paket Bahan Logistik Kantor yang Disediakan","paket","  1 ","  6.900.000 ","  1 ","  4.725.000 ","  1 ","  2.322.430 ","  -   ","  450.000 ","  -   ","  922.500 ","","","","","  - ","  1.372.500 ","0%","59%","1,00","  6.097.500 ","100%","88%","Sekretariat","","","","","","","","","","","","","","","","","","","","","",""
"5","03","01","2.06","05","Sub Kegiatan Penyediaan Barang Cetakan dan Penggandaan","Jumlah Paket Barang Cetakan dan Penggandaan yang Disediakan","paket","2","  107.600.000 ","2","  70.371.900 ","2","  30.033.360 ","  -   ","  4.720.650 ","  -   ","  8.191.400 ","","","","","  - ","  12.912.050 ","0%","43%","2,00","  83.283.950 ","100%","77%","Sekretariat","","","","","","","","","","","","","","","","","","","","","",""
"5","03","01","2.06","06","Sub Kegiatan Penyediaan    Bahan    Bacaan    dan    Peraturan Perundang-undangan","Jumlah Dokumen Bahan Bacaan dan Peraturan Perundang-Undangan yang Disediakan","dokumen","2","  347.000.000 ","2","  219.210.000 ","2","  11.592.000 ","  -   ","  3.660.000 ","  -   ","  2.990.000 ","","","","","  - ","  6.650.000 ","0%","57%","2,00","  225.860.000 ","100%","65%","Sekretariat","","","","","","","","","","","","","","","","","","","","","",""
"5","03","01","2.06","08","Sub Kegiatan Fasilitasi Kunjungan Tamu","Jumlah Laporan Fasilitasi Kunjungan Tamu","laporan","  12 ","  34.000.000 ","  12 ","  22.500.000 ","  10 ","  7.500.000 ","3","  4.000.000 ","  3 ","  2.309.900 ","","","","","  6 ","  6.309.900 ","60%","84%","18,00","  28.809.900 ","150%","85%","Sekretariat","","","","","","","","","","","","","","","","","","","","","",""
"5","03","01","2.06","09","Sub Kegiatan Penyelenggaraan Rapat Koordinasi dan Konsultasi
SKPD","Jumlah Laporan Penyelenggaraan Rapat Koordinasi dan Konsultasi SKPD","laporan","24","  549.000.000 ","24","  381.490.402 ","18","  147.057.000 ","  4 ","  4.869.250 ","  4 ","  37.521.213 ","","","","","  8 ","  42.390.463 ","44%","29%","32,00","  423.880.865 ","133%","77%","Sekretariat","","","","","","","","","","","","","","","","","","","","","",""
"5","03","01","2.06","10","Sub Kegiatan Penatausahaan Arsip Dinamis pada SKPD","Jumlah Dokumen Penatausahaan Arsip Dinamis pada SKPD","dokumen","  1 ","  23.000.000 ","  1 ","  9.999.450 ","  -   ","  - ","  -   ","  -   ","  -   ","  -   ","","","","","  - ","  - ","0%","0%","1,00","  9.999.450 ","100%","43%","Sekretariat","","","","","","","","","","","","","","","","","","","","","",""
"5","03","01","2.07","","Kegiatan Pengadaan   Barang   Milik   Daerah   Penunjang Urusan Pemerintah Daerah","Terpenuhinya pengadaan barang milik daerah penunjang Urusan Pemerintah Daerah","persen","  100,00 ","  841.700.000 ","  100,00 ","  128.600.140 ","  100,00 ","  7.672.325 ","  25,00 ","  2.015.000 ","  25,00 ","  575.000 ","","  - ","  -   ","  - ","  50,00 ","  2.590.000 ","50%","34%","150,00","  131.190.140 ","150%","16%","","","","","","","","","","","","","","","","","","","","","","",""
"5","03","01","2.07","01","Sub Kegiatan Pengadaan  Kendaraan  Perorangan  Dinas  atau Kendaraan Dinas Jabatan","Jumlah Unit Kendaraan Perorangan Dinas atau Kendaraan Dinas Jabatan yang Disediakan ","unit","  1 ","  400.000.000 ","","","  -   ","  - ","  - ","  -   ","  -   ","  -   ","","","","","  - ","  - ","0%","0%","0,00","  - ","0%","0%","","","","","","","","","","","","","","","","","","","","","","",""
"5","03","01","2.07","02","Sub Kegiatan Pengadaan  Kendaraan  Dinas  Operasional  atau Lapangan","Jumlah Unit Kendaraan Dinas Operasional atau Lapangan yang Disediakan ","unit","  1 ","  41.000.000 ","","","  -   ","  - ","  - ","  -   ","  -   ","  -   ","","","","","  - ","  - ","0%","0%","0,00","  - ","0%","0%","","","","","","","","","","","","","","","","","","","","","","",""
"5","03","01","2.07","05","Sub Kegiatan Pengadaan Mebel","Jumlah Paket Mebel yang Disediakan","jenis","  2 ","  26.000.000 ","  - ","  - ","  - ","  - ","  -   ","  -   ","  -   ","  -   ","  -   ","  -   ","  -   ","  -   ","  -   ","  - ","0%","0%","0,00","  - ","0%","0%","Sekretariat","","","","","","","","","","","","","","","","","","","","","",""
"5","03","01","2.07","10","Sub Kegiatan Pengadaan Sarana dan Prasarana Gedung Kantor atau Bangunan Lainnya","Jumlah Unit Sarana dan Prasarana  Gedung Kantor atau Bangunan Lainnya yang Disediakan","unit","  6 ","  347.000.000 ","  8 ","  111.548.340 ","  -   ","  - ","","  -   ","  -   ","  -   ","","","","","  - ","  - ","0%","0%","8,00","  111.548.340 ","133%","32%","Sekretariat","","","","","","","","","","","","","","","","","","","","","",""
"5","03","01","2.07","11","Sub Kegiatan Pengadaan  Sarana  dan  Prasarana  Pendukung Gedung Kantor atau Bangunan Lainnya","Jumlah Unit Sarana dan Prasarana Pendukung Gedung Kantor atau Bangunan Lainnya yang Disediakan","jenis","  1 ","  27.700.000 ","  1 ","  17.051.800 ","  1 ","  7.672.325 ","  -   ","  2.015.000 ","  -   ","  575.000 ","","","","","  - ","  2.590.000 ","0%","34%","1,00","  19.641.800 ","100%","71%","Sekretariat","","","","","","","","","","","","","","","","","","","","","",""
"5","03","01","2.08","","Kegiatan Penyediaan Jasa Penunjang Urusan Pemerintahan Daerah","Terpenuhinya jasa penunjang Urusan Pemerintahan Daerah","persen","  100,00 ","  814.300.000 ","  100,00 ","  592.246.100 ","  100,00 ","  578.891.350 ","  25,00 ","  34.433.893 ","  25,00 ","  169.460.141 ","","  - ","  -   ","  - ","  50,00 ","  203.894.034 ","50%","35%","150,00","  796.140.134 ","150%","98%","","","","","","","","","","","","","","","","","","","","","","",""
"5","03","01","2.08","01","Sub Kegiatan Penyediaan Jasa Surat Menyurat","Jumlah Laporan Penyediaan Jasa Surat menyurat","laporan","  1 ","  17.300.000 ","1","  11.900.000 ","1","  4.992.200 ","  -   ","  800.000 ","  -   ","  1.600.000 ","","","","","  -   ","  2.400.000 ","0%","48%","1,00","  14.300.000 ","100%","83%","Sekretariat","","","","","","","","","","","","","","","","","","","","","",""
"5","03","01","2.08","02","Sub Kegiatan Penyediaan Jasa Komunikasi, Sumber Daya Air dan Listrik","Jumlah Laporan Penyediaan JasaKomunikasi, Sumber Daya Air dan Listrik yang Disediakan Terpenuhinya  jasa","laporan","12","  219.000.000 ","12","  123.640.950 ","12","  129.342.000 ","  3 ","  27.662.243 ","  3 ","  23.960.141 ","","","","","6","  51.622.384 ","50%","40%","18,00","  175.263.334 ","150%","80%","Sekretariat","","","","","","","","","","","","","","","","","","","","","",""
"5","03","01","2.08","04","Penyediaan Jasa Pelayanan Umum Kantor","Jumlah Laporan jasa pelayanan umum  kantor yang disediakan","laporan","  2 ","  578.000.000 ","2","  456.705.150 ","2","  444.557.150 ","  -   ","  5.971.650 ","  -   ","  143.900.000 ","","","","","  -   ","  149.871.650 ","0%","34%","2,00","  606.576.800 ","100%","105%","Sekretariat","","","","","","","","","","","","","","","","","","","","","",""
"5","03","01","2.09","","Kegiatan Pemeliharaan  Barang  Milik  Daerah  Penunjang Urusan Pemerintahan Daerah","Terpenuhinya Pemeliharaan Barang Milik Daerah Penunjang Urusan Pemerintahan Daerah","persen","100,00","  651.825.500 ","100,00","  267.032.238 ","100,00","  119.850.000 ","25,00","  22.924.785 ","25,00","  21.383.060 ","","  - ","0,00","  - ","50,00","  44.307.845 ","50%","37%","150,00","  311.340.083 ","150%","48%","","","","","","","","","","","","","","","","","","","","","","",""
"5","03","01","2.09","01","Sub Kegiatan Penyediaan Jasa Pemeliharaan, Biaya Pemeliharaan,   dan Pajak Kendaraan Perorangan Dinas atau Kendaraan Dinas Jabatan","Jumlah Kendaraan Perorangan Dinas atau Kendaraan Dinas Jabatan yang Dipelihara dan dibayarkan Pajaknya","unit","1","  81.000.000 ","1","  36.670.195 ","1","  26.470.000 ","  -   ","  6.171.714 ","  -   ","  2.831.563 ","","","","","  -   ","  9.003.277 ","0%","34%","1,00","  45.673.472 ","100%","56%","Sekretariat","","","","","","","","","","","","","","","","","","","","","",""
"5","03","01","2.09","02","Sub Kegiatan Penyediaan Jasa Pemeliharaan, Biaya Pemeliharaan, Pajak dan Perizinan Kendaraan Dinas Operasional atau Lapangan","Jumlah Kendaraan Dinas Operasional atau Lapangan yang Dipelihara dan dibayarkan Pajak dan Perizinannya","unit","14","  289.000.000 ","14","  179.047.043 ","7","  65.160.000 ","  -   ","  11.203.071 ","  -   ","  14.071.497 ","","","","","  -   ","  25.274.568 ","0%","39%","14,00","  204.321.611 ","100%","71%","Sekretariat","","","","","","","","","","","","","","","","","","","","","",""
"5","03","01","2.09","05","Sub Kegiatan Pemeliharaan Mebel","Mebeleur kantor yang dipelihara","jenis","2","  23.152.500 ","0","  - ","  - ","  - ","  -   ","  -   ","  -   ","  -   ","","","","","  -   ","  - ","  -   ","  -   ","0,00","  - ","0%","0%","Sekretariat","","","","","","","","","","","","","","","","","","","","","",""
"5","03","01","2.09","06","Sub Kegiatan Pemeliharaan Peralatan dan Mesin Lainnya","Jumlah peralatan dan mesin lainnya yang dipelihata","unit","6","  86.100.000 ","6","  51.315.000 ","3","  28.220.000 ","","  5.550.000 ","  1 ","  4.480.000 ","","","","","1","  10.030.000 ","33%","36%","7,00","  61.345.000 ","117%","71%","Sekretariat","","","","","","","","","","","","","","","","","","","","","",""
"5","03","01","2.09","09","Sub Kegiatan Pemeliharaan/Rehabilitasi   Gedung   Kantor  dan Bangunan Lainnya","Jumlah Gedung Kantor dan Bangunan Lainnya yang Dipelihara/Direhabilitasi ","unit","1","  86.000.000 ","  - ","  - ","  - ","  - ","  -   ","  -   ","  -   ","  -   ","","","","","0","  - ","0%","0%","0,00","  - ","0%","0%","Sekretariat","","","","","","","","","","","","","","","","","","","","","",""
"5","03","01","2.09","10","Sub Kegiatan Pemeliharaan/Rehabilitasi Sarana dan Prasarana Gedung Kantor atau Bangunan Lainnya","Jumlah Sarana dan Prasarana Gedung Kantor atau Bangunan Lainnya yang Dipelihara/Direhabilitasi","unit","1","  86.573.000 ","  - ","  - ","  - ","  - ","  -   ","  -   ","  -   ","  -   ","","","","","0","  - ","0%","0%","0,00","  - ","0%","0%","Sekretariat","","","","","","","","","","","","","","","","","","","","","",""
"5","","","","","URUSAN UNSUR PENUNJANG URUSAN PEMERINTAHAN","","","","","","","","","","","","","","","","","","","","","","","","","","","","","","","","","","","","","","","","","","","","","","",""
"5","03","","","","KEPEGAWAIAN","","","  -   ","  3.989.625.000 ","","  2.133.827.144 ","","  364.134.300 ","","  17.244.445 ","","  193.182.145 ","","  - ","","  - ","","  210.426.590 ","","58%","","  - ","","0%","","","","","","","","","","","","","","","","","","","","","","",""
"5","03","02","","","PROGRAM KEPEGAWAIAN DAERAH","Persentase Perencanaan Kebutuhan yang sesuai dengan Formasi ","Persen","  84,50 ","  1.358.625.000 ","  82,50 ","  553.153.283 ","  83,00 ","  279.285.285 ","0,00","  13.126.225 ","0,00","  193.182.145 ","","  - ","0,00","  - ","0,00","  210.426.590 ","0%","75%","  82,50 ","  2.407.292.349 ","98%","177%","","","","","","","","","","","","","","","","","","","","","","",""
"5","03","02","2.01","","Kegiatan Pengadaan, Pemberhentian dan Informasi Kepegawaian ASN","Terpenuhinya informasi administrasi kepegawaian ASN kota Cirebon","persen","100,00","  1.358.625.000 ","100,00","  553.153.283 ","100,00","  279.285.285 ","25,00","  13.126.225 ","25,00","  181.450.000 ","","  - ","0,00","  - ","50,00","  194.576.225 ","50%","70%","","  747.729.508 ","0%","55%","","","","","","","","","","","","","","","","","","","","","","",""
"5","03","02","2.01","02","Sub Kegiatan Penyusunan Rencana Kebutuhan, Jenis dan Jumlah Jabatan untuk Pelaksanaan Pengadaan ASN","Jumlah dokumen hasil Penyusunan Rencana Kebutuhan, Jenis dan Jumlah Jabatan untuk Pelaksanaan Pengadaan ASN","dokumen","  -   ","  -   ","  - ","  - ","  - ","  - ","  -   ","  -   ","  -   ","  -   ","  -   ","  -   ","  -   ","  -   ","  -   ","  - ","0%","0%","0,00","  - ","0%","0%","Bidang Pengadaan, Pemberhentian, Mutasi dan Promosi","","","","","","","","","","","","","","","","","","","","","",""
"5","03","02","2.01","03","Sub Kegiatan Koordinasi dan Fasilitasi Pengadaan PNS dan PPPK","Jumlah  dokuman Kegiatan Koordinasi dan Fasilitasi Pengadaan PNS dan PPPK","dokumen","2","  926.100.000 ","2","  341.576.158 ","2","  63.550.200 ","1","  13.126.225 ","  -   ","  -   ","","","","","1","  13.126.225 ","50%","0%","3","  354.702.383 ","150%","38%","Bidang Pengadaan, Pemberhentian, Mutasi dan Promosi","","","","","","","","","","","","","","","","","","","","","",""
"5","03","02","2.01","06","Sub Kegiatan Koordinasi Pelaksanaan Administrasi Pemberhentian","Jumlah dokumen hasil kegiatan  Koordinasi Pelaksanaan Administrasi Pemberhentian","dokumen","  1 ","  231.525.000 ","  1 ","  133.658.600 ","  1 ","  25.000.085 ","  -   ","  -   ","  -   ","  -   ","  -   ","  -   ","  -   ","  -   ","  -   ","  - ","0%","0%","1,00","  133.658.600 ","100%","58%","Bidang Pengadaan, Pemberhentian, Mutasi dan Promosi","","","","","","","","","","","","","","","","","","","","","",""
"5","03","02","2.01","07","Sub kegiatan Fasllitasi Lembaga Profesi ASN","Jumlah lembaga Profesi ASN yang difasilitasi ","lembaga","  1 ","  28.000.000 ","  1 ","  18.340.025 ","  1 ","  175.000.000 ","  -   ","  -   ","1","  175.000.000 ","","","","","1","  175.000.000 ","100%","0%","2,00","  193.340.025 ","200%","691%","Bidang Pengadaan, Pemberhentian, Mutasi dan Promosi","","","","","","","","","","","","","","","","","","","","","",""
"5","03","02","2.01","10","Sub Kegiatan Pengelolaan Sistem Informasi Kepegawaian","Jumlah dokumen hasil pengelolaan Sistem Informasi Kepegawaian ","dokumen","  1 ","  173.000.000 ","1","  59.578.500 ","1","  15.735.000 ","  -   ","  -   ","","  6.450.000 ","","","","","  - ","  6.450.000 ","0%","0%","1,00","  66.028.500 ","100%","38%","Bidang Pengadaan, Pemberhentian, Mutasi dan Promosi","","","","","","","","","","","","","","","","","","","","","",""
"5","03","02","2.01","11","Sub Pengelolaan Data pegawai","Jumlah Dokuman hasil  Pengelolaan data kepegawaian ","dokumen","  -   ","  -   ","  -   ","  - ","  -   ","  - ","","","","","","","","","  - ","  - ","0%","0%","0,00","  - ","0%","0%","Bidang Pengadaan, Pemberhentian, Mutasi dan Promosi","","","","","","","","","","","","","","","","","","","","","",""
"","","","","","","Persentase Pengembangan Karir ASN sesuai dengan Kompetensinya","persen","100,00","  656.000.000 ","100,00","  271.244.050 ","100,00","  22.124.365 ","25,00","  4.118.220 ","25,00","  16.912.790 ","","  - ","","  - ","50,00","  14.524.365 ","50,0%","66%","","  348.807.030 ","0%","53%","","","","","","","","","","","","","","","","","","","","","","",""
"5","03","02","2.02","","Kegiatan Mutasi dan Promosi ASN","Terpenuhinya pengelolaan administrasi kepegawaian ASN kota Cirebon","persen","100,00","  656.000.000 ","100,00","  271.244.050 ","100,00","  22.124.365 ","25,00","  4.118.220 ","25,00","  10.406.145 ","","  - ","","  - ","50,00","  14.524.365 ","50%","66%","","  285.768.415 ","0%","44%","","","","","","","","","","","","","","","","","","","","","","",""
"5","03","02","2.02","01","Sub Kegiatan Pengelolaan Mutasi ASN","Jumlah dokumen hasil pengelolaan mutasi ASN antar daerah","dokumen","  1 ","  18.000.000 ","1","  9.999.750 ","1","  2.500.000 ","  -   ","  -   ","  -   ","  -   ","","","","","  -   ","  - ","0%","0%","1,00","  9.999.750 ","100%","56%","Bidang Pengadaan, Pemberhentian, Mutasi dan Promosi","","","","","","","","","","","","","","","","","","","","","",""
"5","03","02","2.02","02","Sub Kegiatan Pengelolaan Kenaikan Pangkat ASN","Jumlah Pengelolaan Kenaikan Pangkat ASN","dokumen","  2 ","  158.000.000 ","2","  42.414.000 ","1","  13.624.865 ","  -   ","  4.118.220 ","  -   ","  6.506.645 ","","","","","  -   ","  10.624.865 ","0%","78%","2,00","  53.038.865 ","100%","34%","Bidang Pengadaan, Pemberhentian, Mutasi dan Promosi","","","","","","","","","","","","","","","","","","","","","",""
"5","03","02","2.02","03","Sub Kegiatan Pengelolaan Promosi ASN","Jumlah Dokumen Hasil Pengelolaan Promosi ASN","dokumen","  1 ","  480.000.000 ","1","  218.830.300 ","1","  5.999.500 ","  -   ","  -   ","  -   ","  3.899.500 ","","","","","  -   ","  3.899.500 ","0%","65%","1,00","  222.729.800 ","100%","46%","Bidang Pengadaan, Pemberhentian, Mutasi dan Promosi","","","","","","","","","","","","","","","","","","","","","",""
"","","","","","","Persentase ASN yang Ditingkatkan Kompetensinya ","persen","  94,00 ","  1.368.000.000 ","  90,00 ","  1.224.885.561 ","  91,00 ","  26.999.790 ","  80 ","  - ","  60 ","  1.326.000 ","","  - ","  - ","  - ","  70 ","  1.326.000 ","77%","5%","","  1.226.211.561 ","0%","90%","","Ujikom JF dari 5 peserta : 4 Lulus, 1 Remedial","Ujikom JF dari 5 peserta : 3 Lulus, 2 Remedial","","","","","","","","","","","","","","","","","","","",""
"5","03","02","2.03","","Kegiatan Pengembangan Kompetensi ASN","Terpenuhinya kapasitas sumber daya aparatur ASN kota Cirebon","persen","  100,00 ","  1.368.000.000 ","  100 ","  1.224.885.561 ","  100 ","  26.999.790 ","  - ","  - ","  - ","  1.326.000 ","","  - ","  - ","  - ","  - ","  1.326.000 ","0%","5%","","  1.226.211.561 ","0%","90%","","","","","","","","","","","","","","","","","","","","","","",""
"5","03","02","2.03","01","Sub Kegiatan Peningkatan Kapasitas Kinerja ASN","Jumlah ASN yang meningkat kapasitasnya","orang","  - ","  -   ","  - ","  - ","  - ","  - ","  - ","  - ","  - ","  -   ","","","","","  - ","  - ","0%","0%","0,00","  - ","0%","0%","Bidang Pengembangan Komptensi","","","","","","","","","","","","","","","","","","","","","",""
"5","03","02","2.03","02","Sub Kegiatan Pengelolaan Assesmen center","Jumlah Dokumaen Pengelolaan Assesmen center","dokumen","1","  1.150.000.000 ","  1 ","  1.177.837.661 ","  1 ","  14.999.790 ","  - ","  - ","  - ","  -   ","","","","","  - ","  - ","0%","0%","1,00","  1.177.837.661 ","100%","102%","Bidang Pengembangan Komptensi","","","","","","","","","","","","","","","","","","","","","",""
"5","03","02","2.03","04","Sub Kegiatan Pengelolaan Pendidikan Lanjutan ASN","Jumlah ASN yang mendapatkan pendidikan lanjutan ","orang","  -   ","  -   ","  - ","  - ","  - ","  - ","  - ","  - ","  - ","  -   ","","","","","  - ","  - ","0%","0%","0,00","  - ","0%","0%","Bidang Pengembangan Komptensi","","","","","","","","","","","","","","","","","","","","","",""
"5","03","02","2.03","14","Sub Kegiatan Fasilitasi Pengembangan Karir dalam JabatanFungsional","Jumlah ASN Jabatan Fungsional Yang Mendapatkan Layanan Pengembangan Karier","orang","  200 ","  218.000.000 ","  190 ","  47.047.900 ","  70 ","  12.000.000 ","  -   ","  -   ","  239 ","  1.326.000 ","","","","","  239 ","  1.326.000 ","341%","11%","429,00","  48.373.900 ","215%","22%","Bidang Pengembangan Komptensi","","","","","","","","","","","","","","","","","","","","","",""
"","","","","","","Persentase Pegawai dengan SKP Bernilai Baik ","persen","  95,00 ","  607.000.000 ","  90,00 ","  84.544.250 ","  92,00 ","  35.724.860 ","0,00","  - ","0,00","  - ","","  - ","  - ","  - ","  - ","  - ","0%","0%","90,00","  84.544.250 ","95%","14%","","","","","","","","","","","","","","","","","","","","","","",""
"5","03","02","2.04","","Kegiatan Penilaian dan Evaluasi Kinerja Aparatur","(Jumlah ASN yang terkena kasus disiplin dibagi jumlah total ASN dikali 100 persen)","persen","  -   ","  607.000.000 ","  100 ","  84.544.250 ","  100 ","  35.724.860 ","  - ","  - ","  - ","  - ","","  - ","  - ","  - ","  - ","  - ","0%","0%","100,00","  84.544.250 ","","14%","","","","","","","","","","","","","","","","","","","","","","",""
"5","03","02","2.04","01","Sub Kegiatan Penyusunan Kebijakan Penilaian dan Evaluasi Kinerja Aparatur","Jumlah dokuman hasil penyusunan kebijakan penilaian dan evaluasi kinerja aparatur","dokumen","1","  23.000.000 ","  1 ","  10.919.850 ","  1 ","  2.122.130 ","  - ","  - ","  - ","  - ","","","","","  - ","  - ","0%","0%","1,00","  10.919.850 ","100%","47%","Bidang Pengembangan Komptensi","","","","","","","","","","","","","","","","","","","","","",""
"5","03","02","2.04","02","Sub kegiatan Evaluasi Hasil Penilaian Kinerja","Jumlah dokumen hasil evaluasi hasil penilaian dan evaluasi kinerja aparatur","laporan","1","  34.000.000 ","  -   ","  - ","  1 ","  2.500.000,00 ","  - ","  - ","  - ","  - ","","","","","  - ","  - ","0%","0%","0,00","  - ","0%","0%","Bidang Pengembangan Komptensi","","","","","","","","","","","","","","","","","","","","","",""
"5","03","02","2.04","04","Sub Kegiatan Pengelolaan Pemberian Penghargaan Bagi Pegawai","Jumlah ASN yang diberikan Penghargaan","orang","12","  330.000.000 ","  - ","  - ","  - ","  - ","  - ","  - ","  - ","  - ","","","","","","  - ","0%","0%","0","  - ","0%","0%","Bidang Pengembangan Komptensi","","","","","","","","","","","","","","","","","","","","","",""
"5","03","02","2.04","05","Sub Kegiatan Pengelolaan Tanda Jasa  Bagi Pegawai","Jumlah ASN yang diberikan tanda jasa","orang","300","  139.000.000 ","  115 ","  33.359.800 ","  151 ","  14.200.000 ","  - ","  - ","  - ","  - ","","","","","  - ","  - ","0%","0%","115","  33.359.800 ","38%","24%","","","","","","","","","","","","","","","","","","","","","","",""
"5","03","02","2.04","07","Sub Kegiatan Pembinaan Disiplin ASN","Jumlah ASN yang mendapatkan pembinaan kedisiplinan","kasus","35","  81.000.000 ","  1 ","  40.264.600 ","  25 ","  16.902.730 ","  - ","  - ","  15 ","  - ","","","","","  15 ","  - ","60%","0%","16","  40.264.600 ","46%","50%","Bidang Pengembangan Komptensi","","","","","","","","","","","","","","","","","","","","","",""
"5","04","","","","PENDIDIKAN DAN PELATIHAN","","persen","100,00","  4.257.830.000 ","","  3.723.496.263 ","","  18.499.835 ","  - ","","  - ","  - ","","  - ","","  - ","  - ","  - ","  - ","0%","","  3.723.496.263 ","0%","87%","","","","","","","","","","","","","","","","","","","","","","",""
"5","04","02","","","PROGRAM PENGEMBANGAN SUMBER DAYA MANUSIA","","persen","100,00","  4.257.830.000 ","","  3.723.496.263 ","","  18.499.835 ","  - ","","  - ","  - ","","  - ","","  - ","  - ","  - ","  - ","0%","","  3.723.496.263 ","0%","87%","","","","","","","","","","","","","","","","","","","","","","",""
"","","","","","","Persentase ASN yang Mendapatkan Pengembangan Kompetensi Teknis ","persen","  14,54 ","  231.525.000 ","  13,90 ","  14.800.000 "," 14,10 ","  1.500.000 "," 11,93 ",""," 0,07 ","","","","","","  12,00 ","  - ","0,004%","0%","26","  3.688.496.363 ","178%","1593%","","524 dari 4393","527 dari 4393","","","","","","","","","","","","","","","","","","","",""
"5","04","02","2.01","","Kegiatan Pengembangan Kompetensi Teknis","Terpenuhinya kebutuhan pengembangan kompetensi teknis ASN kota Cirebon","persen","  100,00 ","  231.525.000 ","100,00","  14.800.000 ","100,00","  1.500.000 ","25,00","  - ","25,00","  - ","","","","","  - ","  - ","0,00%","0%","100","  14.800.000 ","100%","6%","","","","","","","","","","","","","","","","","","","","","","",""
"5","04","02","2.01","03","Sub Kegiatan Penyelenggaraan Pengembangan Kompetensi Teknis Umum, Inti, dan Pilihan bagi Jabatan Administrasi Penyelenggara Urusan Pemerintahan Konkuren, Perangkat Daerah Penunjang, dan Urusan Pemerintahan Umum","Jumlah ASN yang Mengikuti Pengembangan Kompetensi ","orang","  4 ","  231.525.000 ","3","  14.800.000 ","0","  1.500.000 ","  - ","  -   ","  - ","  -   ","","","","","  - ","  - ","0%","0%","3","  14.800.000 ","75%","6%","Bidang Pengembangan Komptensi","","","","","","","","","","","","","","","","","","","","","",""
"","","","","","","Persentase Realisasi Pendidikan dan Pelatihan yang Dilaksanakan","persen","100,00","  4.026.305.000 ","100,00","  3.708.696.263 ","100,00","  16.999.835 ","25,00","","25,00","","","","","","50,00","","50%","0%","150","  3.708.696.263 ","150%","92%","UPT","","","","","","","","","","","","","","","","","","","","","",""
"5","04","02","2.02","","Kegiatan Sertifikasi, Kelembagaan, Pengembangan Kompetensi Manajerial dan Fungsional","Terpenuhinya kebutuhan pengembangan kompetensi manajerial dan fungsional ASN kota Cirebon","persen","100,00","  4.026.305.000 ","100,00","  3.708.696.263 ","100,00","  16.999.835 ","  - ","  - ","  - ","  - ","","","","","  - ","  - ","0%","0%","100","  3.708.696.263 ","100%","92%","UPT","","","","","","","","","","","","","","","","","","","","","",""
"5","04","02","2.02","07","Sub Kegiatan Penyelenggaraan Pengembangan Kompetensi bagi Pimpinan Daerah, Jabatan Pimpinan Tinggi, Jabatan Fungsional, Kepemimpinan, dan Prajabatan","Jumlah laporan hasil Penyelenggaraan Pengembangan Kompetensi bagi Pimpinan Daerah, Jabatan Pimpinan Tinggi, Jabatan Fungsional, Kepemimpinan, dan Prajabatan","laporan","4","  3.980.000.000 ","  4 ","  3.673.696.363 ","  - ","  - ","  - ","  - ","  - ","  - ","","","","","  - ","  - ","0%","0%","4","  3.673.696.363 ","100%","92%","","","","","","","","","","","","","","","","","","","","","","",""
"5","04","02","2.02","08","Sub Kegiatan Pembinaan, Pengoordinasian, Fasilitasi, Pemantauan, Evaluasi, dan Pelaporan Pelaksanaan Sertifikasi, Pengelolaan Kelembagaan dan Tenaga Pengembang Kompetensi, Pengelolaan Sumber Belajar, dan Kerjasama, serta Pengembangan Kompetensi Pimpinan Daerah, Jabatan Pimpinan Tinggi, Kepemimpinan, dan Prajabatan","Jumlah dokumen  hasilPembinaan, Pengoordinasian, Fasilitasi, Pemantauan, Evaluasi, dan Pelaporan Pelaksanaan Sertifikasi, Pengelolaan Kelembagaan dan Tenaga Pengembang Kompetensi, Pengelolaan Sumber Belajar, dan Kerjasama, serta Pengembangan Kompetensi Pimpinan Daerah, Jabatan Pimpinan Tinggi, Kepemimpinan, dan Prajabatan","dokumen","  2 ","  46.305.000 ","  2 ","  34.999.900 ","  1 ","  16.999.835 ","  - ","  - ","  - ","  - ","","","","","  - ","  - ","0%","0%","2,00","  34.999.900 ","100%","76%","Bidang Pengembangan Komptensi","","","","","","","","","","","","","","","","","","","","","",""
"","","","","","","","","","  21.575.880.500 ","91,80","  14.456.884.234 ","  100,00 ","  7.646.183.378 ","24,40940424","  1.866.387.810 ","","  1.830.917.990 ","","  - ","","  - ","26,00%","  3.697.305.800 ","26,00%","48,35%","","","","  -   ","","","","","","","","","","","","","","","","","","","","","","",""
"","","","","","                       2. Ketersediaan regulasi dan pedoman teknis (terkait Kinerja, pengembangan kompetensi, dan perencanaan kebutuhan ASN);","","","","","","","","","","","","","","","","","","","","","","","","","","","","","","","","","","","","","","","","","","","","","","",""
"","","","","","                       3. Pemanfaatan aplikasi digital kepegawaian (e-Kinerja, SIASN, dll) yang membantu monitoring dan evaluasi kinerja secara real time;","","","","","","","","","","","","","","","","","","","","","","","","","","","","","","","","","","","","","","","","","","","","","","",""
"","","","","","                       4. Sinergi antar perangkat daerah dalam penyusunan kebutuhan pegawai dan pelaksanaan pengembangan kompetensi;","","","","","","","","","","","","","","","","","","","","","","","","","","","","","","","","","","","","","","","","","","","","","","",""
"","","","","","                       5. Meningkatnya kesadaran ASN terhadap pentingnya kinerja, kompetensi, dan pengembangan karir;","","","","","","","","","","","","","","","","","","","","","","","","","","","","","","","","","","","","","","","","","","","","","","",""
"","","","","","                       6. Adanya program diklat dan pelatihan yang terencana sesuai kebutuhan organisasi;","","","","","","","","","","","","","","","","","","","","","","","","","","","","","","","","","","","","","","","","","","","","","","",""
"","","","","","                       7. Dukungan anggaran, meskipun terbatas, namun masih mampu mengakomodasi program prioritas.","","","","","","","","","","","","","","","","","","","","","","","","","","","","","","","","","","","","","","","","","","","","","","",""
"","","","","","                       2. Belum optimalnya pemetaan kompetensi ASN, sehingga pengembangan karir belum sepenuhnya berbasis kompetensi;","","","","","","","","","","","","","","","","","","","","","","","","","","","","","","","","","","","","","","","","","","","","","","",""
"","","","","","                       4. Ketidaksesuaian antara kebutuhan riil dan formasi ASN akibat dinamika kebijakan dan keterbatasan rekrutmen; ","","","","","","","","","","","","","","","","","","","","","","","","","","","","","","","","","","","","","","","","","","","","","","",""
"","                                                         6. Disiplin dan motivasi sebagian ASN yang masih fluktuatif, berdampak pada capaian kinerja individu;","","","","","","","","","","","","","","","","","","","","","","","","","","","","","","","","","","","","","","","","","","","","","","","","","","",""
"","                                                         7. Perubahan regulasi yang cepat, sehingga membutuhkan penyesuaian berkelanjutan dalam implementasi kebijakan;","","","","","","","","","","","","","","","","","","","","","","","","","","","","","","","","","","","","","","","","","","","","","","","","","","",""
"","","","","","","2. Optimalisasi pemutakhiran data ASN pada sistem kepegawaian untuk meningkatkan akurasi perencanaan;","","","","","","","","","","","","","","","","","","","","","","","","","","","","","","","","","","","","","","","","","","","","","",""
"","","","","","","3. Meningkatkan pendampingan penyusunan SKP agar kualitas penilaian kinerja lebih objektif dan terstandar;","","","","","","","","","","","","","","","","","","","","","","","","","","","","","","","","","","","","","","","","","","","","","",""
"","","","","","","4. Melaksanakan pelatihan prioritas berbasis kebutuhan kompetensi (training need analysis);","","","","","","","","","","","","","","","","","","","","","","","","","","","","","","","","","","","","","","","","","","","","","",""
"","","","","","","5. Memperkuat koordinasi lintas perangkat daerah dalam perencanaan kebutuhan ASN;","","","","","","","","","","","","","","","","","","","","","","","","","","","","","","","","","","","","","","","","","","","","","",""
"","","","","","","6. Mendorong pemanfaatan metode pembelajaran digital (e-learning) untuk efisiensi pengembangan kompetensi;","","","","","","","","","","","","","","","","","","","","","","","","","","","","","","","","","","","","","","","","","","","","","",""
"","","","","","","7. Melakukan evaluasi pelaksanaan diklat agar lebih tepat sasaran dan berdampak pada kinerja.","","","","","","","","","","","","","","","","","","","","","","","","","","","","","","","","","","","","","","","","","","","","","",""
"","","","","","","    2. Mengembangkan sistem manajemen talenta (talent management) untuk mendukung pengembangan karir berbasis kompetensi;","","","","","","","","","","","","","","","","","","","","","","","","","","","","","","","","","","","","","","","","","","","","","",""
"","","","","","","    3. Meningkatkan alokasi dan efisiensi anggaran pengembangan kompetensi ASN;","","","","","","","","","","","","","","","","","","","","","","","","","","","","","","","","","","","","","","","","","","","","","",""
"","","","","","","    4. Mengintegrasikan sistem informasi kepegawaian untuk mendukung pengambilan keputusan berbasis data;","","","","","","","","","","","","","","","","","","","","","","","","","","","","","","","","","","","","","","","","","","","","","",""
"","","","","","","    5. Menyusun roadmap pengembangan kompetensi ASN jangka menengah;","","","","","","","","","","","","","","","","","","","","","","","","","","","","","","","","","","","","","","","","","","","","","",""
"","","","","","","    6. Mendorong peningkatan kualitas penilaian kinerja (SKP) berbasis output dan outcome;","","","","","","","","","","","","","","","","","","","","","","","","","","","","","","","","","","","","","","","","","","","","","",""
"","","","","","","    7. Memperluas kerja sama dengan lembaga diklat/instansi lain untuk peningkatan kapasitas ASN;","","","","","","","","","","","","","","","","","","","","","","","","","","","","","","","","","","","","","","","","","","","","","",""
"","","","","","","    8. Menetapkan indikator kinerja yang lebih outcome-oriented, tidak hanya berbasis output kegiatan;","","","","","","","","","","","","","","","","","","","","","","","","","","","","","","","","","","","","","","","","","","","","","",""